Task-Name,BC,10%BC,TD3+BC,AWAC,CQL,IQL,ReBRAC,SAC-N,EDAC,DT,E2ERL(β=0.001),E2ERL(β=0.0025),E2ERL(β=0.005),E2ERL(β=0.0075),E2ERL(β=0.01),E2ERL(β=0.05),E2ERL(β=0.1),E2ERL(β=0.5)
halfcheetah-medium-v2,42.40 ± 0.19,42.46 ± 0.70,48.10 ± 0.18,49.46 ± 0.62,47.04 ± 0.22,48.31 ± 0.22,64.04 ± 0.68,68.20 ± 1.28,67.70 ± 1.04,42.20 ± 0.26,65.61 ± 0.81,66.22 ± 1.33,65.84 ± 0.77,N/A,65.09 ± 0.87,N/A,67.50 ± 1.15,65.37 ± 1.59
halfcheetah-medium-replay-v2,35.66 ± 2.33,23.59 ± 6.95,44.84 ± 0.59,44.70 ± 0.69,45.04 ± 0.27,44.46 ± 0.22,51.18 ± 0.31,60.70 ± 1.01,62.06 ± 1.10,38.91 ± 0.50,50.38 ± 0.99,50.61 ± 0.57,50.69 ± 0.57,N/A,50.21 ± 1.31,N/A,51.03 ± 0.50,50.76 ± 0.80
halfcheetah-medium-expert-v2,55.95 ± 7.35,90.10 ± 2.45,90.78 ± 6.04,93.62 ± 0.41,95.63 ± 0.42,94.74 ± 0.52,103.80 ± 2.95,98.96 ± 9.31,104.76 ± 0.64,91.55 ± 0.95,104.05 ± 2.20,106.87 ± 2.12,105.96 ± 0.82,N/A,101.78 ± 5.06,N/A,104.98 ± 1.08,106.46 ± 1.49
hopper-medium-v2,53.51 ± 1.76,55.48 ± 7.30,60.37 ± 3.49,74.45 ± 9.14,59.08 ± 3.77,67.53 ± 3.78,102.29 ± 0.17,40.82 ± 9.91,101.70 ± 0.28,65.10 ± 1.61,102.09 ± 0.64,102.25 ± 0.31,102.45 ± 0.28,N/A,102.76 ± 0.16,N/A,102.44 ± 0.03,98.20 ± 7.41
hopper-medium-replay-v2,29.81 ± 2.07,70.42 ± 8.66,64.42 ± 21.52,96.39 ± 5.28,95.11 ± 5.27,97.43 ± 6.39,94.98 ± 6.53,100.33 ± 0.78,99.66 ± 0.81,81.77 ± 6.87,93.08 ± 14.82,96.07 ± 7.28,100.92 ± 0.84,N/A,101.60 ± 0.31,N/A,96.20 ± 9.46,92.49 ± 15.78
hopper-medium-expert-v2,52.30 ± 4.01,111.16 ± 1.03,101.17 ± 9.07,52.73 ± 37.47,99.26 ± 10.91,107.42 ± 7.80,109.45 ± 2.34,101.31 ± 11.63,105.19 ± 10.08,110.44 ± 0.33,105.20 ± 9.90,106.01 ± 8.79,107.20 ± 5.00,N/A,109.11 ± 4.31,N/A,108.90 ± 2.29,105.90 ± 7.44
walker2d-medium-v2,63.23 ± 16.24,67.34 ± 5.17,82.71 ± 4.78,66.53 ± 26.04,80.75 ± 3.28,80.91 ± 3.17,85.82 ± 0.77,87.47 ± 0.66,93.36 ± 1.38,67.63 ± 2.54,85.54 ± 2.99,84.36 ± 2.43,86.10 ± 0.45,N/A,85.76 ± 0.00,N/A,86.24 ± 1.22,85.29 ± 0.48
walker2d-medium-replay-v2,21.80 ± 10.15,54.35 ± 6.34,85.62 ± 4.01,82.20 ± 1.05,73.09 ± 13.22,82.15 ± 3.03,84.25 ± 2.25,78.99 ± 0.50,87.10 ± 2.78,59.86 ± 2.73,85.63 ± 3.33,80.96 ± 3.39,84.52 ± 4.86,N/A,81.64 ± 9.63,N/A,82.74 ± 7.47,77.49 ± 10.02
walker2d-medium-expert-v2,98.96 ± 15.98,108.70 ± 0.25,110.03 ± 0.36,49.41 ± 38.16,109.56 ± 0.39,111.72 ± 0.86,111.86 ± 0.43,114.93 ± 0.41,114.75 ± 0.74,107.11 ± 0.96,111.69 ± 0.36,111.83 ± 0.37,111.67 ± 0.35,N/A,111.65 ± 0.45,N/A,111.83 ± 0.56,112.02 ± 0.45
[Locomotion average],50.40,69.29,76.45,67.72,78.28,81.63,89.74,83.52,92.92,73.84,89.25,89.46,90.59,N/A,89.96,N/A,90.21,88.22
,,,,,,,,,,,,,,,,,,
maze2d-umaze-v1,0.36 ± 8.69,12.18 ± 4.29,29.41 ± 12.31,82.67 ± 28.30,-8.90 ± 6.11,42.11 ± 0.58,106.87 ± 22.16,130.59 ± 16.52,95.26 ± 6.39,18.08 ± 25.42,145.21 ± 0.00,74.88 ± 28.12,110.05 ± 25.91,N/A,110.88 ± 24.67,N/A,96.00 ± 26.57,151.33 ± 4.27
maze2d-medium-v1,0.79 ± 3.25,14.25 ± 2.33,59.45 ± 36.25,52.88 ± 55.12,86.11 ± 9.68,34.85 ± 2.72,105.11 ± 31.67,88.61 ± 18.72,57.04 ± 3.45,31.71 ± 26.33,94.46 ± 39.01,91.85 ± 52.96,96.93 ± 2.24,N/A,87.26 ± 39.34,N/A,48.56 ± 38.47,33.63 ± 28.71
maze2d-large-v1,2.26 ± 4.39,11.32 ± 5.10,97.10 ± 25.41,209.13 ± 8.19,23.75 ± 36.70,61.72 ± 3.50,78.33 ± 61.77,204.76 ± 1.19,95.60 ± 22.92,35.66 ± 28.20,98.51 ± 72.44,43.44 ± 62.38,58.24 ± 61.91,N/A,109.27 ± 54.33,N/A,66.72 ± 11.38,66.18 ± 22.82
[Maze2D average],1.14,12.58,61.99,114.89,33.65,46.23,96.77,141.32,82.63,28.48,112.73,70.06,88.41,N/A,102.47,N/A,70.43,83.71
,,,,,,,,,,,,,,,,,,
antmaze-umaze-v2,55.25 ± 4.15,65.75 ± 5.26,70.75 ± 39.18,57.75 ± 10.28,92.75 ± 1.92,77.00 ± 5.52,97.75 ± 1.48,0.00 ± 0.00,0.00 ± 0.00,57.00 ± 9.82,97.00 ± 1.63,97.25 ± 1.71,96.75 ± 1.26,N/A,97.00 ± 2.45,N/A,100.00 ± 0.00,30.00 ± 26.46
antmaze-umaze-diverse-v2,47.25 ± 4.09,44.00 ± 1.00,44.75 ± 11.61,58.00 ± 7.68,37.25 ± 3.70,54.25 ± 5.54,83.50 ± 7.02,0.00 ± 0.00,0.00 ± 0.00,51.75 ± 0.43,89.75 ± 6.85,91.75 ± 5.19,90.50 ± 1.73,N/A,80.25 ± 12.69,N/A,46.67 ± 50.33,66.67 ± 35.12
antmaze-medium-play-v2,0.00 ± 0.00,2.00 ± 0.71,0.25 ± 0.43,0.00 ± 0.00,65.75 ± 11.61,65.75 ± 11.71,89.50 ± 3.35,0.00 ± 0.00,0.00 ± 0.00,0.00 ± 0.00,81.00 ± 2.94,88.25 ± 3.40,84.50 ± 7.19,N/A,83.50 ± 8.06,N/A,93.33 ± 5.77,0.00 ± 0.00
antmaze-medium-diverse-v2,0.75 ± 0.83,5.75 ± 9.39,0.25 ± 0.43,0.00 ± 0.00,67.25 ± 3.56,73.75 ± 5.45,83.50 ± 8.20,0.00 ± 0.00,0.00 ± 0.00,0.00 ± 0.00,85.50 ± 2.38,80.25 ± 8.54,85.75 ± 1.50,N/A,81.75 ± 6.55,N/A,76.67 ± 5.77,0.00 ± 0.00
antmaze-large-play-v2,0.00 ± 0.00,0.00 ± 0.00,0.00 ± 0.00,0.00 ± 0.00,20.75 ± 7.26,42.00 ± 4.53,52.25 ± 29.01,0.00 ± 0.00,0.00 ± 0.00,0.00 ± 0.00,71.00 ± 6.27,74.00 ± 8.16,66.00 ± 4.24,N/A,51.00 ± 32.85,N/A,50.00 ± 10.00,0.00 ± 0.00
antmaze-large-diverse-v2,0.00 ± 0.00,0.75 ± 0.83,0.00 ± 0.00,0.00 ± 0.00,20.50 ± 13.24,30.25 ± 3.63,64.00 ± 5.43,0.00 ± 0.00,0.00 ± 0.00,0.00 ± 0.00,74.00 ± 4.97,64.25 ± 13.00,67.25 ± 10.37,N/A,51.75 ± 32.18,N/A,33.33 ± 28.87,N/A
[AntMaze average],17.21,19.71,19.33,19.29,50.71,57.17,78.42,0.00,0.00,18.12,83.04,82.62,81.79,N/A,74.21,N/A,66.67,19.33
,,,,,,,,,,,,,,,,,,
pen-human-v1,71.03 ± 6.26,26.99 ± 9.60,-3.88 ± 0.21,81.12 ± 13.47,13.71 ± 16.98,78.49 ± 8.21,103.16 ± 8.49,6.86 ± 5.93,5.07 ± 6.16,67.68 ± 5.48,105.20 ± 8.75,95.77 ± 9.37,82.07 ± 24.32,96.17 ± 17.79,107.87 ± 16.65,113.22 ± 5.62,106.49 ± 18.55,N/A
pen-cloned-v1,51.92 ± 15.15,46.67 ± 14.25,5.13 ± 5.28,89.56 ± 15.57,1.04 ± 6.62,83.42 ± 8.19,102.79 ± 7.84,31.35 ± 2.14,12.02 ± 1.75,64.43 ± 1.43,97.84 ± 0.57,89.80 ± 18.39,103.53 ± 23.50,97.38 ± 8.02,100.10 ± 14.90,100.98 ± 9.08,114.78 ± 15.60,N/A
pen-expert-v1,109.65 ± 7.28,114.96 ± 2.96,122.53 ± 21.27,160.37 ± 1.21,-1.41 ± 2.34,128.05 ± 9.21,152.16 ± 6.33,87.11 ± 48.95,-1.55 ± 0.81,116.38 ± 1.27,151.06 ± 10.72,152.79 ± 5.03,146.06 ± 11.50,146.90 ± 12.14,153.75 ± 6.40,149.32 ± 5.79,149.95 ± 4.23,N/A
door-human-v1,2.34 ± 4.00,-0.13 ± 0.07,-0.33 ± 0.01,4.60 ± 1.90,5.53 ± 1.31,3.26 ± 1.83,-0.10 ± 0.01,-0.38 ± 0.00,-0.12 ± 0.13,4.44 ± 0.87,-0.12 ± 0.11,-0.08 ± 0.04,-0.10 ± 0.03,-0.11 ± 0.07,-0.08 ± 0.07,-0.04 ± 0.06,-0.10 ± 0.12,N/A
door-cloned-v1,-0.09 ± 0.03,0.29 ± 0.59,-0.34 ± 0.01,0.93 ± 1.66,-0.33 ± 0.01,3.07 ± 1.75,0.06 ± 0.05,-0.33 ± 0.00,2.66 ± 2.31,7.64 ± 3.26,0.01 ± 0.07,0.03 ± 0.06,0.24 ± 0.33,0.11 ± 0.03,0.04 ± 0.05,0.07 ± 0.03,-0.01 ± 0.14,N/A
door-expert-v1,105.35 ± 0.09,104.04 ± 1.46,-0.33 ± 0.01,104.85 ± 0.24,-0.32 ± 0.02,106.65 ± 0.25,106.37 ± 0.29,-0.33 ± 0.00,106.29 ± 1.73,104.87 ± 0.39,105.13 ± 2.20,104.63 ± 2.19,106.20 ± 0.15,103.09 ± 4.07,103.83 ± 2.84,102.33 ± 6.24,106.50 ± 0.09,N/A
hammer-human-v1,3.03 ± 3.39,-0.19 ± 0.02,1.02 ± 0.24,3.37 ± 1.93,0.14 ± 0.11,1.79 ± 0.80,0.24 ± 0.24,0.24 ± 0.00,0.28 ± 0.18,1.28 ± 0.15,0.16 ± 0.16,0.17 ± 0.04,0.12 ± 0.07,0.18 ± 0.26,0.13 ± 0.18,0.14 ± 0.09,1.55 ± 1.91,N/A
hammer-cloned-v1,0.55 ± 0.16,0.12 ± 0.08,0.25 ± 0.01,0.21 ± 0.24,0.30 ± 0.01,1.50 ± 0.69,5.00 ± 3.75,0.14 ± 0.09,0.19 ± 0.07,1.82 ± 0.55,3.81 ± 1.47,5.94 ± 5.60,12.32 ± 15.33,4.94 ± 2.93,8.82 ± 9.90,4.27 ± 5.22,4.42 ± 3.59,N/A
hammer-expert-v1,126.78 ± 0.64,121.75 ± 7.67,3.11 ± 0.03,127.06 ± 0.29,0.26 ± 0.01,128.68 ± 0.33,133.62 ± 0.27,25.13 ± 43.25,28.52 ± 49.00,117.45 ± 6.65,133.58 ± 0.93,134.14 ± 0.08,131.36 ± 4.98,133.86 ± 0.55,133.76 ± 0.63,133.24 ± 0.93,133.92 ± 0.31,N/A
relocate-human-v1,0.04 ± 0.03,-0.14 ± 0.08,-0.29 ± 0.01,0.05 ± 0.03,0.06 ± 0.03,0.12 ± 0.04,0.16 ± 0.30,-0.31 ± 0.01,-0.17 ± 0.17,0.05 ± 0.01,-0.02 ± 0.01,0.00 ± 0.02,0.00 ± 0.01,-0.01 ± 0.01,-0.01 ± 0.01,0.15 ± 0.32,-0.01 ± 0.04,N/A
relocate-cloned-v1,-0.06 ± 0.01,-0.00 ± 0.02,-0.30 ± 0.01,-0.04 ± 0.04,-0.29 ± 0.01,0.04 ± 0.01,1.66 ± 2.59,-0.01 ± 0.10,0.17 ± 0.35,0.16 ± 0.09,0.76 ± 1.63,1.56 ± 1.04,1.37 ± 2.26,0.27 ± 0.49,0.91 ± 1.21,0.54 ± 0.62,0.39 ± 0.52,N/A
relocate-expert-v1,107.58 ± 1.20,97.90 ± 5.21,-1.73 ± 0.96,108.87 ± 0.85,-0.30 ± 0.02,106.11 ± 4.02,107.52 ± 2.28,-0.36 ± 0.00,71.94 ± 18.37,104.28 ± 0.42,105.34 ± 5.23,110.22 ± 0.91,109.68 ± 1.33,108.30 ± 2.63,107.57 ± 2.68,104.79 ± 2.73,106.46 ± 2.15,N/A
[Adroit average],48.18,42.69,10.40,56.75,1.53,53.43,59.39,12.43,18.78,49.21,58.56,57.91,57.74,57.59,59.72,59.08,60.36,N/A
,,,,,,,,,,,,,,,,,,
