Task-Name,ReBRAC,E2ERL(β=0.001),E2ERL(β=0.0025),E2ERL(β=0.005),E2ERL(β=0.0075),E2ERL(β=0.01),E2ERL(β=0.05),E2ERL(β=0.1),E2ERL(β=0.5)
halfcheetah-medium-v2,64.04 ± 0.68,65.61 ± 0.81,66.22 ± 1.33,65.84 ± 0.77,N/A,65.09 ± 0.87,N/A,67.50 ± 1.15,65.37 ± 1.59
halfcheetah-medium-replay-v2,51.18 ± 0.31,50.38 ± 0.99,50.61 ± 0.57,50.69 ± 0.57,N/A,50.21 ± 1.31,N/A,51.03 ± 0.50,50.76 ± 0.80
halfcheetah-medium-expert-v2,103.80 ± 2.95,104.05 ± 2.20,106.87 ± 2.12,105.96 ± 0.82,N/A,101.78 ± 5.06,N/A,104.98 ± 1.08,106.46 ± 1.49
hopper-medium-v2,102.29 ± 0.17,102.09 ± 0.64,102.25 ± 0.31,102.45 ± 0.28,N/A,102.76 ± 0.16,N/A,102.44 ± 0.03,98.20 ± 7.41
hopper-medium-replay-v2,94.98 ± 6.53,93.08 ± 14.82,96.07 ± 7.28,100.92 ± 0.84,N/A,101.60 ± 0.31,N/A,96.20 ± 9.46,92.49 ± 15.78
hopper-medium-expert-v2,109.45 ± 2.34,105.20 ± 9.90,106.01 ± 8.79,107.20 ± 5.00,N/A,109.11 ± 4.31,N/A,108.90 ± 2.29,105.90 ± 7.44
walker2d-medium-v2,85.82 ± 0.77,85.54 ± 2.99,84.36 ± 2.43,86.10 ± 0.45,N/A,85.76 ± 0.00,N/A,86.24 ± 1.22,85.29 ± 0.48
walker2d-medium-replay-v2,84.25 ± 2.25,85.63 ± 3.33,80.96 ± 3.39,84.52 ± 4.86,N/A,81.64 ± 9.63,N/A,82.74 ± 7.47,77.49 ± 10.02
walker2d-medium-expert-v2,111.86 ± 0.43,111.69 ± 0.36,111.83 ± 0.37,111.67 ± 0.35,N/A,111.65 ± 0.45,N/A,111.83 ± 0.56,112.02 ± 0.45
[Locomotion average],89.74,89.25,89.46,90.59,N/A,89.96,N/A,90.21,88.22
,,,,,,,,,
maze2d-umaze-v1,106.87 ± 22.16,145.21 ± 0.00,74.88 ± 28.12,110.05 ± 25.91,N/A,110.88 ± 24.67,N/A,96.00 ± 26.57,151.33 ± 4.27
maze2d-medium-v1,105.11 ± 31.67,94.46 ± 39.01,91.85 ± 52.96,96.93 ± 2.24,N/A,87.26 ± 39.34,N/A,48.56 ± 38.47,33.63 ± 28.71
maze2d-large-v1,78.33 ± 61.77,98.51 ± 72.44,43.44 ± 62.38,58.24 ± 61.91,N/A,109.27 ± 54.33,N/A,66.72 ± 11.38,66.18 ± 22.82
[Maze2D average],96.77,112.73,70.06,88.41,N/A,102.47,N/A,70.43,83.71
,,,,,,,,,
antmaze-umaze-v2,97.75 ± 1.48,97.00 ± 1.63,97.25 ± 1.71,96.75 ± 1.26,N/A,97.00 ± 2.45,N/A,100.00 ± 0.00,30.00 ± 26.46
antmaze-umaze-diverse-v2,83.50 ± 7.02,89.75 ± 6.85,91.75 ± 5.19,90.50 ± 1.73,N/A,80.25 ± 12.69,N/A,46.67 ± 50.33,66.67 ± 35.12
antmaze-medium-play-v2,89.50 ± 3.35,81.00 ± 2.94,88.25 ± 3.40,84.50 ± 7.19,N/A,83.50 ± 8.06,N/A,93.33 ± 5.77,0.00 ± 0.00
antmaze-medium-diverse-v2,83.50 ± 8.20,85.50 ± 2.38,80.25 ± 8.54,85.75 ± 1.50,N/A,81.75 ± 6.55,N/A,76.67 ± 5.77,0.00 ± 0.00
antmaze-large-play-v2,52.25 ± 29.01,71.00 ± 6.27,74.00 ± 8.16,66.00 ± 4.24,N/A,51.00 ± 32.85,N/A,50.00 ± 10.00,0.00 ± 0.00
antmaze-large-diverse-v2,64.00 ± 5.43,74.00 ± 4.97,64.25 ± 13.00,67.25 ± 10.37,N/A,51.75 ± 32.18,N/A,33.33 ± 28.87,N/A
[AntMaze average],78.42,83.04,82.62,81.79,N/A,74.21,N/A,66.67,19.33
,,,,,,,,,
pen-human-v1,103.16 ± 8.49,105.20 ± 8.75,95.77 ± 9.37,82.07 ± 24.32,96.17 ± 17.79,107.87 ± 16.65,113.22 ± 5.62,106.49 ± 18.55,N/A
pen-cloned-v1,102.79 ± 7.84,97.84 ± 0.57,89.80 ± 18.39,103.53 ± 23.50,97.38 ± 8.02,100.10 ± 14.90,100.98 ± 9.08,114.78 ± 15.60,N/A
pen-expert-v1,152.16 ± 6.33,151.06 ± 10.72,152.79 ± 5.03,146.06 ± 11.50,146.90 ± 12.14,153.75 ± 6.40,149.32 ± 5.79,149.95 ± 4.23,N/A
door-human-v1,-0.10 ± 0.01,-0.12 ± 0.11,-0.08 ± 0.04,-0.10 ± 0.03,-0.11 ± 0.07,-0.08 ± 0.07,-0.04 ± 0.06,-0.10 ± 0.12,N/A
door-cloned-v1,0.06 ± 0.05,0.01 ± 0.07,0.03 ± 0.06,0.24 ± 0.33,0.11 ± 0.03,0.04 ± 0.05,0.07 ± 0.03,-0.01 ± 0.14,N/A
door-expert-v1,106.37 ± 0.29,105.13 ± 2.20,104.63 ± 2.19,106.20 ± 0.15,103.09 ± 4.07,103.83 ± 2.84,102.33 ± 6.24,106.50 ± 0.09,N/A
hammer-human-v1,0.24 ± 0.24,0.16 ± 0.16,0.17 ± 0.04,0.12 ± 0.07,0.18 ± 0.26,0.13 ± 0.18,0.14 ± 0.09,1.55 ± 1.91,N/A
hammer-cloned-v1,5.00 ± 3.75,3.81 ± 1.47,5.94 ± 5.60,12.32 ± 15.33,4.94 ± 2.93,8.82 ± 9.90,4.27 ± 5.22,4.42 ± 3.59,N/A
hammer-expert-v1,133.62 ± 0.27,133.58 ± 0.93,134.14 ± 0.08,131.36 ± 4.98,133.86 ± 0.55,133.76 ± 0.63,133.24 ± 0.93,133.92 ± 0.31,N/A
relocate-human-v1,0.16 ± 0.30,-0.02 ± 0.01,0.00 ± 0.02,0.00 ± 0.01,-0.01 ± 0.01,-0.01 ± 0.01,0.15 ± 0.32,-0.01 ± 0.04,N/A
relocate-cloned-v1,1.66 ± 2.59,0.76 ± 1.63,1.56 ± 1.04,1.37 ± 2.26,0.27 ± 0.49,0.91 ± 1.21,0.54 ± 0.62,0.39 ± 0.52,N/A
relocate-expert-v1,107.52 ± 2.28,105.34 ± 5.23,110.22 ± 0.91,109.68 ± 1.33,108.30 ± 2.63,107.57 ± 2.68,104.79 ± 2.73,106.46 ± 2.15,N/A
[Adroit average],59.39,58.56,57.91,57.74,57.59,59.72,59.08,60.36,N/A
,,,,,,,,,
